FID,osm_id,natural,water,x,y
0,312876747.000000000000000,water, ,113.318030573000000,23.117567043000001
1,-3984726.000000000000000,water,pond,113.319240404000000,23.126669610899999